64.13,-9.79,-6.32,1.18,-0.20,0.55
5.25,-7.94,-4.68,-2.02,-1.29,-1.23
3.86,-6.66,-4.84,1.28,-0.62,-0.45
4.92,-9.40,-6.56,2.63,-0.67,0.69
4.37,-9.54,-5.71,-2.24,-1.57,-1.61
2.84,-8.47,-5.32,0.28,-1.08,-1.32
4.89,-8.91,-5.56,2.32,-1.33,0.64
4.38,-8.80,-6.64,-0.36,-2.08,-1.62
3.27,-7.49,-3.94,-1.40,-0.82,-3.18
3.90,-9.48,-5.24,5.63,-1.10,1.97
5.78,-9.69,-7.34,2.08,-2.37,0.63
5.10,-9.17,-5.46,-3.34,-2.14,-2.49
3.89,-5.24,-4.03,0.59,-1.11,-1.86
3.09,-10.29,-6.68,4.71,-1.08,1.26
3.98,-10.27,-6.99,-1.93,-1.81,-0.46
2.90,-5.45,-4.92,0.84,-0.95,-0.90
4.08,-10.75,-6.86,4.18,-0.30,3.03
4.53,-11.50,-6.57,-3.13,-1.60,-2.15
3.23,-7.83,-4.01,-0.57,-0.69,-1.04
2.96,-9.68,-6.91,2.32,-0.07,1.20
4.28,-9.66,-4.29,-4.48,-0.84,-3.05
2.05,-3.62,-4.22,0.61,-0.35,-0.17
3.87,-12.11,-6.12,6.05,0.15,4.61
4.29,-12.45,-7.33,-1.12,-0.59,-1.54
1.63,-11.13,-5.17,-5.41,0.59,-3.21
1.93,-3.32,-4.38,-0.61,0.28,1.22
4.97,-9.14,-5.19,4.66,0.41,3.45
5.12,-10.01,-7.27,-0.49,0.16,-0.65
2.81,-8.94,-4.86,-2.63,-0.22,-1.53
3.90,-8.77,-5.59,-0.19,-0.44,1.55
5.52,-6.62,-6.15,-0.87,-0.70,-2.59
-0.53,-4.77,-7.86,-5.65,-3.18,-2.86
-1.05,-5.79,-5.89,-0.10,-1.64,0.30
-3.58,-9.08,-12.03,6.11,-0.10,3.58
-2.34,-13.22,-17.03,-2.98,-4.41,3.83
-0.77,-10.26,-9.82,-3.89,-3.40,-2.06
2.25,-6.08,-12.31,0.68,-0.23,0.59
0.05,-7.66,-12.03,-3.72,-2.53,-4.05
-3.16,-6.05,-8.41,-3.83,-1.39,-2.28
-2.58,-9.82,-11.83,0.12,0.19,-3.04
-3.21,-8.60,-9.53,-4.68,-1.70,-1.33
-4.84,-6.04,-9.20,-0.75,0.58,-1.30
-2.52,-4.98,-9.11,-2.11,-0.66,-0.78
-3.95,-3.59,-9.13,2.18,2.56,-0.28
0.33,-8.47,-15.20,3.28,1.93,0.15
-1.43,-8.75,-11.52,-2.22,-2.20,-4.35
-1.56,0.51,-8.55,-1.33,0.19,-1.81
2.53,-4.49,-9.76,1.58,1.40,0.27
-2.03,-3.71,-10.34,-1.95,-2.10,-2.31
-7.42,-5.10,-10.17,-0.92,-4.16,-2.59
-6.24,-6.26,-11.23,1.41,-2.11,-2.10
-2.77,-3.45,-11.54,-1.70,-3.13,-0.04
-7.56,-2.48,-7.81,3.93,1.43,0.63
-3.92,-4.74,-15.53,-1.02,-0.30,-1.51
-7.71,-5.25,-12.99,-1.92,-2.37,-0.57
-4.40,-5.36,-7.97,-3.29,-0.96,-1.96
-6.37,-1.78,-6.64,-0.73,1.38,2.35
-1.60,-1.77,-8.99,1.35,1.74,1.00
-9.34,-3.95,-3.15,-3.97,-3.39,-0.16
-8.94,-5.11,-15.46,2.60,0.17,-0.89
-2.03,-2.15,-9.91,-0.71,-1.13,-0.91
-1.41,-4.30,-14.25,0.15,-1.46,-0.06
-4.27,-1.58,-9.10,1.15,0.63,0.04
-4.08,-4.81,-12.65,-1.63,-0.24,-1.31
-4.77,-7.36,-12.09,-0.68,0.89,-0.40
-2.54,-5.46,-8.77,-2.69,0.31,-0.22
-6.55,-5.50,-7.67,-2.28,-1.06,-0.67
-4.86,-3.28,-5.89,-0.99,-0.39,-1.99
-5.15,-4.50,-10.74,2.00,0.85,-1.91
-0.58,-4.87,-12.76,-2.67,-2.46,-1.78
-2.29,-5.72,-11.46,-0.83,-0.30,-2.15
-1.14,-5.25,-11.62,-1.62,-0.16,-1.96
-2.06,-5.02,-10.86,-0.38,0.62,-0.59
-3.24,-5.95,-10.33,-2.25,-0.56,-1.44
-4.07,-4.94,-7.69,-0.79,0.40,-1.07
-5.18,-5.25,-9.73,-0.93,-1.93,-0.50
-5.17,-4.23,-8.59,0.58,-0.89,-0.78
-6.16,-4.60,-9.31,-0.04,-1.93,-0.05
-4.70,-3.49,-13.76,3.17,0.65,0.70
-3.98,-6.09,-13.39,-2.91,-2.62,-1.07
-1.72,-5.22,-10.77,-2.20,-0.31,-0.32
-3.49,-8.65,-11.65,-2.42,-0.36,0.60
-4.33,-6.45,-9.10,-1.03,1.20,-0.36
-5.50,-5.64,-9.72,-2.39,-0.32,-0.98
-7.08,-6.34,-6.45,-1.67,-0.35,-0.43
-5.51,-4.92,-10.48,1.33,-0.69,0.49
-6.00,-4.40,-5.06,1.52,1.43,0.70
-5.30,-3.40,-6.75,1.38,-1.65,-0.81
-5.86,-2.48,-10.58,1.46,-0.74,-0.69
-6.05,-4.79,-18.83,0.04,-0.07,-0.16
-5.53,-4.18,-14.51,-1.82,-1.58,0.77
-4.09,-6.53,-11.69,-1.52,0.52,-0.39
-4.07,-6.47,-10.04,-2.86,0.09,-0.06
-3.32,-4.18,-7.18,-1.83,1.47,0.85
-6.03,-4.16,-7.98,-0.68,-0.02,-0.35
-7.32,-4.38,-8.37,0.25,-1.99,-0.50
-9.20,-4.25,-9.82,-0.84,-2.98,-1.70
-6.33,-2.45,-11.12,0.14,-2.00,-0.83
-4.61,-2.35,-11.44,-0.38,-1.09,-0.95
-4.07,-4.36,-11.35,-1.52,-1.44,-1.27
-3.21,-5.73,-12.30,-0.64,-0.60,-1.27
-3.75,-6.74,-10.93,-2.43,-0.84,-2.26
-3.14,-7.05,-9.87,-2.36,-0.13,-0.74
-2.87,-5.48,-8.51,-0.98,0.39,-0.30
-4.76,-5.53,-8.49,0.14,-0.36,-1.09
-5.89,-7.13,-8.88,-0.69,-0.50,-1.48
-5.74,-5.62,-7.62,-1.62,-1.54,-1.00
-6.81,-2.63,-7.05,-1.18,-2.93,-1.55
-8.54,-2.70,-7.07,-0.82,-3.31,-0.92
-7.55,-3.67,-13.14,-1.18,-1.12,-0.18
-5.59,-4.29,-12.98,-0.99,-0.04,0.21
-4.79,-6.27,-11.39,-1.97,0.48,-0.39
-4.08,-7.66,-6.65,-3.86,-2.06,-0.07
-5.44,-5.83,-6.18,-0.71,0.66,-0.04
-5.45,-6.50,-5.69,-0.95,-1.26,0.37
-7.04,-5.73,-10.07,0.98,-2.61,-0.00
-6.89,-5.20,-9.57,2.20,2.07,-0.38
-6.34,-1.05,-8.81,0.25,-2.67,-1.38
-6.59,-2.44,-15.46,1.40,-1.04,0.08
-4.82,-3.78,-12.09,-0.24,1.20,0.07
-5.24,-6.03,-13.79,-1.38,-1.40,-0.04
-5.29,-6.85,-10.10,-2.36,0.52,-0.74
-4.31,-6.14,-7.82,-1.52,0.45,-0.33
-4.73,-4.70,-6.96,-1.27,-0.42,-0.82
-5.71,-4.51,-7.13,-0.23,-0.71,-0.76
-7.31,-7.85,-9.62,2.85,1.52,-0.37
-5.56,-4.31,-7.81,1.18,-0.62,-0.31
-5.81,-2.29,-11.77,-0.31,-0.88,-0.28
-3.98,-2.79,-11.09,0.47,2.30,-0.11
-3.55,-5.65,-11.40,-1.88,-0.70,-1.17
-4.27,-6.73,-11.39,-1.67,-0.32,0.08
-4.48,-8.44,-10.50,-1.66,0.26,-1.03
-3.24,-6.21,-8.68,-2.23,-0.87,-0.86
-3.95,-5.37,-7.90,-0.88,-0.53,-1.43
-4.94,-4.80,-10.03,0.44,0.27,-1.23
-5.59,-5.60,-12.39,0.04,-1.52,-1.87
-6.24,-4.38,-10.40,0.32,0.16,-1.75
-6.10,-3.20,-9.98,0.24,-0.22,-1.38
-4.66,-3.31,-10.88,-0.72,-1.18,-1.18
-4.81,-6.19,-11.94,-0.91,0.76,-1.02
-3.63,-5.38,-11.48,-2.74,-2.31,-1.18
-5.22,-7.26,-9.73,-2.24,-0.82,-1.28
-5.37,-5.70,-7.91,-1.80,-0.28,-0.76
-5.10,-5.52,-6.70,-0.84,-0.19,-0.11
-6.16,-5.66,-7.14,-0.34,0.60,-0.07
-6.58,-5.50,-10.28,0.75,-2.16,-0.17
-7.17,-4.77,-7.38,0.84,0.36,-0.29
-6.30,-2.62,-9.26,1.36,0.12,-0.42
-5.75,0.98,-8.74,-0.09,-0.78,-0.44
-7.94,-2.75,-14.20,-1.03,-0.78,0.18
-6.97,-5.93,-17.21,1.68,2.03,-0.53
-5.13,-6.65,-10.38,-2.51,0.30,-0.22
-4.54,-6.09,-7.36,-2.74,0.27,0.19
-7.20,-7.96,-5.52,-2.26,-0.85,-0.43
-9.66,-8.92,-7.18,0.75,1.51,0.00
-8.04,-7.59,-9.51,0.49,-1.70,-1.40
-6.62,-1.38,-10.05,0.76,-3.41,-0.10
-4.57,-3.24,-20.17,6.65,2.09,-0.72
-0.93,-7.94,-13.39,-1.78,-1.46,-1.35
1.32,-15.37,-12.93,-3.25,-1.51,-3.08
-2.11,-10.82,-9.75,-5.06,-2.13,-1.63
-5.63,-7.77,-2.38,-2.08,2.30,-1.10
-4.73,-10.43,-0.96,-2.83,-2.99,0.10
-5.89,-9.87,-6.55,0.64,-1.28,-0.99
-8.22,-2.00,-11.43,0.52,-3.92,-2.86
-2.75,-1.61,-21.85,8.21,4.26,0.46
0.67,-10.27,-12.66,-5.81,-3.57,-0.56
0.49,-16.72,-12.75,-1.93,-2.78,-2.08
-1.12,-16.51,-7.23,-8.25,-5.00,-2.58
-4.92,-14.03,6.50,-5.85,-5.30,3.47
-4.27,-9.36,-2.35,-2.40,-2.37,0.84
-9.28,-8.81,-6.86,0.88,-1.15,-0.70
-7.11,-7.36,-9.44,3.83,0.26,-0.95
-6.39,-2.84,-13.05,3.30,-1.20,-0.92
-5.04,-7.07,-20.54,1.52,0.28,0.31
-0.10,-12.72,-17.26,-7.04,-4.73,-4.88
1.44,-10.45,-11.30,-2.10,1.29,-2.16
-5.90,-11.41,-2.78,-6.85,-1.11,1.40
-3.26,-7.81,-3.76,-0.91,-0.13,-0.51
-5.80,-8.67,-6.55,1.13,-0.94,-1.94
-8.99,-7.80,-13.14,2.67,-2.75,-4.93
-7.04,2.37,-13.10,0.27,-1.24,0.89
-5.88,-1.36,-10.03,-0.66,0.60,-0.54
-7.83,-12.09,-22.25,-1.93,-4.98,0.53
-1.38,-16.78,-10.94,-2.16,-1.75,-0.32
3.59,-12.66,-5.85,-7.84,-0.16,-3.99
-4.74,-10.27,3.52,-7.63,-6.74,0.64
-6.19,-13.01,-10.49,1.59,-0.37,-3.48
-6.64,-7.80,-9.06,2.42,0.84,-2.13
-8.13,-1.22,-12.69,0.97,0.46,-1.41
-1.21,-2.31,-16.51,1.67,1.38,0.40
-3.81,-12.14,-12.68,0.44,1.05,-0.84
-2.82,-12.24,-9.36,-3.75,-0.53,0.39
-4.87,-7.98,-3.39,-2.36,0.78,1.59
-7.72,-10.58,-1.20,0.26,1.31,0.66
-5.66,-8.64,-5.30,1.14,0.36,0.62
-6.88,-7.12,-6.11,1.65,-0.66,-0.44
-7.90,-3.78,-6.85,1.29,-3.54,-0.86
-4.00,-0.77,-21.67,1.12,-1.86,1.28
-0.14,-9.53,-20.27,0.47,2.73,0.05
-2.88,-9.66,-11.60,-1.51,0.59,-0.35
-3.40,-8.82,-9.21,-4.16,-0.17,0.61
-7.24,-10.33,-3.43,-4.55,-1.57,0.18
-4.89,-6.78,-4.92,0.26,0.28,-0.32
-7.78,-6.41,-8.08,1.08,-2.64,-1.64
-10.69,-4.22,-11.54,1.60,-3.52,-2.24
-4.33,0.20,-12.13,-1.41,-5.47,-0.64
-6.43,-9.17,-17.56,-2.22,-1.68,0.18
-2.78,-15.55,-5.93,-6.36,-2.74,-0.37
-2.42,-14.76,-10.35,-5.39,-1.16,-0.41
-5.04,-11.62,-4.00,-6.90,-2.65,-3.19
-4.55,-10.02,-6.03,-0.17,0.07,-0.44
-7.37,-10.22,-5.36,1.74,-1.78,-2.99
-11.94,-4.49,-7.92,1.53,1.28,-2.98
-12.70,-1.43,-6.55,0.81,1.56,-1.42
-10.99,-3.44,-18.97,3.36,1.54,-0.62
-7.07,-6.88,-15.89,-0.39,0.23,-0.54
-1.57,-12.35,-14.92,-4.72,-0.98,-0.91
-4.80,-10.89,-5.60,-5.79,1.03,-0.87
-5.11,-13.02,-1.23,0.10,-0.06,-0.38
-6.41,-9.45,-2.64,2.28,1.80,-1.40
-3.70,-10.08,-8.43,2.41,0.13,0.49
-9.27,-5.49,-9.89,3.03,-0.33,-1.22
-5.79,-3.37,-18.24,3.81,1.90,-0.20
-1.86,-7.36,-25.28,-2.38,-2.25,0.15
-4.50,-8.80,-10.56,-0.68,1.28,0.71
-3.27,-10.98,-7.15,-4.80,0.72,1.25
-6.11,-9.69,-3.69,-6.13,-2.34,0.87
-3.71,-8.62,-8.83,0.18,-0.58,-2.70
-5.06,-7.77,-8.87,-0.76,-1.77,-3.16
-0.75,-2.83,-15.04,3.28,1.00,-1.59
1.10,-11.77,-12.60,-5.39,-6.05,-5.87
-4.72,-12.83,-10.52,-4.64,-1.70,0.49
-4.63,-6.08,-4.53,-6.50,-3.56,0.45
-4.41,-6.44,-3.52,0.42,0.50,-2.66
-5.55,-9.19,-9.32,1.16,0.37,0.47
-2.81,-5.32,-9.87,5.39,3.23,0.94
-7.46,-2.30,-9.56,0.85,-1.27,2.98
-14.17,-8.90,7.57,-8.73,-8.73,2.95
-3.86,-5.92,-8.28,-0.59,2.94,-0.70
-1.81,-10.04,-11.53,-1.30,0.35,0.72
-5.93,-10.81,-8.12,-6.50,-2.00,-2.05
-4.99,-10.79,-5.43,-3.28,-0.11,0.30
-5.98,-11.26,-4.42,1.12,2.10,1.68
-5.09,-8.24,-4.00,1.59,-0.57,0.71
-5.61,-4.02,-12.13,5.10,1.36,-0.61
2.50,-2.75,-18.07,3.11,3.31,1.33
1.91,-11.03,-19.42,-8.53,-3.40,-1.52
-0.88,-10.07,-9.74,3.61,3.86,-0.86
-1.66,-9.90,-12.09,-4.23,-3.42,-2.87
-2.55,-4.36,-7.36,-1.64,1.88,1.19
-0.85,-4.30,-10.51,0.72,0.29,-2.09
-1.93,-6.38,-12.95,0.42,1.13,-0.04
3.70,-5.62,-12.01,-0.03,-0.40,-2.09
3.22,-3.77,-11.23,-0.01,0.08,-1.82
2.52,-5.36,-10.72,0.70,0.08,-1.95
1.63,-7.45,-12.68,0.16,-0.79,-2.09
-0.13,-6.70,-10.38,-1.36,-0.83,-2.57
1.31,-4.32,-10.78,0.25,0.26,-2.13
2.16,-4.24,-11.39,-0.11,-0.15,-1.67
2.21,-5.17,-14.42,0.44,-1.20,-2.05
0.82,-2.49,-11.22,-0.24,-1.13,-2.04
-0.07,-1.70,-11.02,-0.59,-0.94,-1.91
1.64,-3.23,-13.20,2.09,0.83,-1.58
0.14,-3.24,-11.64,-0.77,-1.99,-1.59
-0.72,-3.92,-9.89,-0.59,-1.94,-1.70
-4.07,-4.64,-9.43,-0.94,-3.01,-1.08
-6.19,-7.77,-8.54,2.68,-0.58,-0.68
-7.39,-7.69,-6.15,0.23,-3.93,0.07
-7.67,-5.60,-7.10,2.08,-0.22,-0.85
-6.39,-1.83,-10.54,1.74,2.53,-0.29
-4.56,-3.39,-10.24,3.58,3.77,0.22
-6.69,-7.87,-11.73,-0.87,0.36,0.23
-4.61,-8.41,-9.39,-2.88,-0.81,-1.02
-4.27,-7.70,-8.90,-2.67,0.48,1.54
-6.18,-8.86,-4.34,-4.27,-0.51,1.03
-5.11,-8.36,-3.48,-0.04,0.25,-0.44
-6.27,-8.10,-8.71,0.21,-2.03,-3.09
-7.34,-3.58,-0.90,-4.40,-7.02,-3.52
-10.24,-0.10,-7.38,-0.71,-0.99,-1.45
-6.24,-4.46,-11.92,-0.17,-0.61,-0.18
-1.49,-8.36,-20.37,-2.62,-2.68,1.10
-5.57,-11.19,-10.49,-4.36,-3.30,-0.08
-2.98,-10.10,-5.86,-4.68,-1.04,0.31
-3.01,-9.73,-3.46,-1.84,-0.38,-0.55
-6.43,-9.03,-5.19,0.98,-0.81,-1.89
-7.76,-5.01,-0.26,0.32,-1.71,-1.96
-13.57,-0.18,-13.96,2.40,4.97,0.37
-14.27,-2.50,-18.86,1.67,3.60,-1.87
-10.37,-5.79,-12.31,0.71,1.32,-1.89
-5.83,-7.57,-3.54,-1.89,-0.23,2.39
-2.90,-7.38,-4.09,-1.86,0.88,1.37
-4.07,-7.95,-4.45,-0.48,0.64,-0.10
