8.04,-0.62,-8.80,-1.59,-0.33,-0.91
8.26,-0.67,-8.95,-1.59,-0.33,-0.88
8.26,-0.45,-9.56,-1.54,-0.30,-0.86
8.25,-0.11,-10.12,-1.54,-0.28,-0.85
8.57,1.78,-9.81,-1.67,-0.56,-0.47
7.85,1.75,-10.59,-1.72,-0.50,-0.49
7.91,2.00,-10.41,-1.61,-0.55,-0.46
7.99,2.15,-10.25,-1.62,-0.56,-0.43
8.03,2.24,-10.17,-1.65,-0.59,-0.40
8.07,2.35,-10.13,-1.67,-0.60,-0.37
7.39,3.67,-9.60,-0.90,-0.19,-0.22
7.33,3.65,-9.54,-0.82,-0.24,-0.14
7.23,3.61,-9.55,-0.78,-0.30,-0.06
7.07,3.66,-9.44,-0.77,-0.40,-0.00
6.96,3.68,-9.27,-0.79,-0.54,0.05
6.86,3.81,-9.47,-0.41,-0.17,0.05
6.93,3.82,-9.45,-0.37,-0.14,0.04
6.73,3.94,-9.58,-0.35,-0.12,0.02
6.66,3.93,-9.49,-0.39,-0.17,0.03
6.90,3.59,-9.30,-0.36,-0.13,0.02
6.86,4.09,-9.45,-0.04,0.06,-0.12
6.85,4.06,-9.42,-0.02,0.07,-0.12
6.68,4.10,-9.38,-0.01,0.07,-0.11
6.72,4.08,-9.22,0.01,0.07,-0.10
6.63,4.11,-9.19,0.03,0.06,-0.10
6.61,4.18,-9.19,0.07,0.07,-0.08
6.62,4.57,-8.97,0.13,-0.08,0.09
6.60,4.55,-8.90,0.10,-0.13,0.12
6.56,4.42,-8.85,0.09,-0.16,0.14
6.53,4.38,-8.80,0.09,-0.18,0.15
6.51,4.41,-8.80,0.09,-0.19,0.14
6.65,4.31,-8.95,-0.06,-0.01,-0.10
6.63,4.35,-8.96,-0.02,0.00,-0.14
6.60,4.42,-9.02,0.01,0.02,-0.15
6.60,4.38,-9.04,0.01,0.02,-0.16
6.60,4.31,-9.04,0.01,0.02,-0.17
6.68,4.24,-8.98,0.01,0.04,-0.18
6.92,4.28,-9.46,-0.24,-0.21,0.06
6.82,4.27,-9.59,-0.22,-0.17,0.04
6.90,4.24,-9.57,-0.20,-0.13,0.02
6.73,4.33,-9.57,-0.17,-0.10,-0.00
6.82,4.29,-9.50,-0.14,-0.07,-0.01
6.53,3.68,-9.59,0.25,0.16,-0.23
6.43,3.74,-9.57,0.27,0.17,-0.25
6.42,3.86,-9.46,0.30,0.17,-0.25
6.40,4.02,-9.39,0.33,0.15,-0.25
6.43,4.17,-9.33,0.35,0.11,-0.22
6.54,4.25,-9.41,0.36,0.07,-0.21
6.21,3.97,-8.74,0.15,-0.21,0.09
6.38,3.98,-8.94,0.14,-0.22,0.07
6.50,4.10,-9.07,0.13,-0.21,0.04
6.54,4.18,-9.23,0.13,-0.15,-0.01
6.86,4.06,-9.28,0.11,-0.09,-0.07
6.90,4.02,-9.31,0.11,-0.02,-0.13
6.38,4.15,-9.21,0.04,-0.06,-0.07
6.43,4.14,-9.33,-0.01,-0.12,-0.03
6.68,4.09,-9.39,0.00,-0.11,-0.01
6.53,4.15,-9.52,0.04,-0.08,0.01
5.95,4.42,-9.89,-0.00,-0.13,0.07
6.59,3.88,-9.92,0.01,-0.11,0.06
6.48,3.92,-9.89,0.05,-0.11,0.05
6.35,3.94,-9.88,0.06,-0.13,0.06
6.42,3.77,-9.76,0.03,-0.15,0.05
6.42,3.66,-9.67,0.03,-0.14,0.04
6.33,3.64,-9.59,0.02,-0.14,0.02
6.26,3.81,-9.83,-0.04,0.07,-0.07
6.26,3.92,-9.80,-0.06,0.06,-0.05
6.28,4.07,-9.80,-0.08,0.03,-0.02
6.29,4.18,-9.80,-0.12,-0.01,0.00
6.30,4.19,-9.77,-0.15,-0.05,0.03
6.28,3.55,-9.40,-0.25,-0.10,0.12
6.31,3.57,-9.47,-0.27,-0.10,0.13
6.34,3.55,-9.46,-0.29,-0.08,0.13
6.31,3.63,-9.51,-0.30,-0.06,0.13
6.32,3.75,-9.58,-0.31,-0.04,0.13
6.28,3.88,-9.59,-0.31,-0.01,0.13
6.31,4.06,-9.83,-0.34,-0.16,0.15
6.28,4.01,-9.73,-0.33,-0.21,0.14
6.35,4.02,-9.75,-0.28,-0.23,0.14
6.27,4.13,-9.83,-0.28,-0.29,0.13
6.66,3.79,-9.74,-0.19,-0.23,0.09
6.43,3.99,-9.36,-0.09,0.11,-0.19
6.55,4.00,-9.50,-0.07,0.16,-0.16
6.56,4.18,-9.62,-0.12,0.13,-0.15
6.67,4.07,-9.70,-0.10,0.19,-0.13
6.61,4.16,-9.70,-0.13,0.19,-0.15
6.58,4.14,-9.63,-0.14,0.19,-0.14
6.92,3.70,-9.88,-0.10,-0.65,0.27
7.22,3.57,-10.27,-0.06,-0.56,0.27
7.32,3.48,-10.55,-0.02,-0.42,0.24
7.43,3.34,-10.54,0.00,-0.25,0.20
7.10,3.40,-10.46,0.04,-0.09,0.16
9.20,-1.26,-16.17,0.87,-1.96,1.20
9.51,-1.30,-17.34,1.22,-1.63,1.14
9.07,-0.62,-17.26,1.52,-1.20,1.08
7.94,0.15,-16.31,1.76,-0.91,1.09
6.67,0.72,-15.17,1.88,-0.88,1.17
4.98,1.72,-12.68,2.51,-0.49,0.97
4.65,1.75,-11.98,2.45,-0.44,0.98
4.18,1.83,-11.41,2.35,-0.47,1.02
3.94,1.92,-10.95,2.20,-0.58,1.10
3.82,1.98,-10.56,2.02,-0.73,1.14
3.58,1.92,-10.27,1.81,-0.90,1.19
2.32,1.15,-4.81,-0.18,-0.07,0.53
2.40,1.30,-4.79,-0.54,-0.05,0.41
2.94,2.01,-5.09,-0.92,0.00,0.29
3.59,3.14,-5.02,-1.32,0.19,0.13
3.76,4.23,-4.61,-1.71,0.44,-0.02
7.58,7.26,-11.87,-3.74,2.46,-1.03
8.16,7.56,-12.24,-3.56,2.86,-1.30
8.32,7.81,-12.39,-3.38,3.28,-1.59
7.88,8.03,-12.35,-3.24,3.56,-1.88
7.52,8.49,-12.52,-3.16,3.61,-2.08
7.76,9.12,-12.96,-3.22,3.43,-2.17
7.35,8.15,-13.40,-3.16,-0.76,0.08
7.32,7.80,-14.10,-3.18,-1.06,0.31
7.61,6.94,-14.54,-3.12,-1.08,0.43
7.87,5.76,-14.38,-2.95,-0.88,0.42
7.78,4.65,-14.02,-2.71,-0.58,0.32
5.37,3.96,-11.52,-1.33,0.23,0.11
4.89,4.03,-11.51,-1.20,0.17,0.14
4.94,3.95,-11.47,-1.01,0.07,0.24
5.15,3.83,-11.36,-0.79,0.00,0.31
5.21,3.55,-11.20,-0.53,-0.02,0.33
7.09,4.54,-13.26,2.64,0.37,-0.23
6.75,4.99,-13.53,2.95,0.42,-0.19
6.95,5.30,-13.50,3.27,0.40,-0.14
7.33,5.54,-13.47,3.50,0.36,-0.10
7.38,5.99,-13.59,3.77,0.32,0.00
8.25,6.25,-13.95,4.08,0.22,0.13
11.14,11.24,-8.76,4.43,0.22,2.48
12.12,10.49,-9.82,4.32,-0.04,2.58
11.97,10.12,-10.25,4.08,-0.07,2.59
11.36,9.63,-9.93,3.83,-0.06,2.61
10.86,8.96,-9.30,3.63,-0.05,2.61
3.33,3.64,-3.94,1.29,-0.26,1.67
3.26,3.12,-3.12,1.03,-0.37,1.42
2.53,3.11,-2.59,0.70,-0.63,1.20
2.11,3.11,-2.31,0.27,-0.85,1.07
2.07,2.82,-2.36,-0.14,-0.99,1.03
2.04,2.57,-2.74,-0.56,-1.16,0.92
4.98,5.94,-7.18,-3.08,-0.38,-1.18
5.20,5.76,-7.08,-3.30,-0.30,-1.29
5.49,5.74,-7.25,-3.45,-0.28,-1.41
5.90,6.15,-7.68,-3.57,-0.22,-1.54
6.60,6.54,-8.15,-3.66,-0.03,-1.67
10.48,12.97,-11.82,-3.24,1.49,-2.80
10.21,13.46,-12.09,-3.41,1.25,-2.70
10.21,13.76,-12.01,-3.66,0.94,-2.55
9.95,13.83,-11.93,-3.91,0.58,-2.37
10.01,13.68,-12.02,-4.14,0.17,-2.13
9.30,3.68,-13.96,-2.23,0.35,-0.69
9.07,3.93,-12.81,-1.74,0.25,-0.55
8.45,3.78,-11.94,-1.41,0.06,-0.34
7.81,3.43,-11.17,-1.21,-0.17,-0.08
7.79,3.02,-10.58,-1.13,-0.42,0.12
7.46,2.93,-10.18,0.79,0.39,0.47
7.84,3.39,-10.31,1.06,0.59,0.39
7.79,4.10,-10.06,1.38,0.86,0.34
7.38,4.67,-10.00,1.73,1.03,0.36
7.44,5.00,-10.53,2.04,1.11,0.39
7.72,5.26,-11.29,2.33,1.32,0.39
11.72,10.07,-8.47,3.50,0.87,2.28
12.50,9.56,-7.48,3.38,0.40,2.64
13.47,9.74,-8.31,3.26,-0.06,2.98
14.30,9.86,-9.48,3.25,-0.40,3.32
14.39,10.17,-10.21,3.35,-0.49,3.60
9.94,4.85,-6.12,3.44,0.22,4.09
9.32,3.15,-6.01,3.27,-0.18,4.08
9.05,2.11,-6.62,2.97,-0.60,3.97
8.72,1.85,-7.26,2.68,-0.73,3.87
8.21,1.66,-7.24,2.45,-0.74,3.83
8.06,0.75,-6.71,2.33,-0.71,3.77
1.71,-1.31,-2.37,0.40,-1.24,1.99
1.29,-1.71,-2.02,0.11,-1.49,1.90
1.16,-2.10,-2.15,-0.25,-1.77,1.74
1.38,-2.49,-2.44,-0.53,-1.89,1.56
1.51,-2.72,-2.89,-0.79,-1.91,1.32
3.19,-1.61,-7.19,-2.98,-0.65,-0.75
3.24,-1.46,-7.52,-3.06,-0.54,-0.91
3.14,-1.11,-7.78,-3.09,-0.42,-1.02
3.06,-0.58,-8.15,-3.21,-0.36,-1.11
2.89,0.11,-8.55,-3.44,-0.43,-1.16
8.25,2.30,-14.66,-4.50,0.24,-0.84
9.02,1.51,-15.51,-4.22,0.66,-1.00
8.85,1.64,-15.89,-3.85,1.29,-1.25
8.43,2.34,-16.64,-3.48,1.77,-1.34
8.28,2.94,-16.32,-3.20,2.07,-1.33
7.47,6.90,-12.87,-3.28,0.34,-0.29
7.48,6.90,-12.44,-3.32,0.10,-0.13
7.32,6.65,-11.73,-3.30,-0.08,-0.04
7.55,5.95,-11.42,-3.26,-0.25,0.07
8.15,5.26,-11.99,-3.18,-0.37,0.09
8.40,4.96,-12.91,-3.09,-0.31,0.06
6.62,4.95,-11.50,-1.36,0.79,-0.29
5.95,4.70,-11.28,-1.25,0.75,-0.26
5.72,4.25,-10.97,-1.03,0.56,-0.24
5.97,3.86,-10.86,-0.76,0.57,-0.23
5.73,3.53,-10.64,-0.59,0.63,-0.25
5.99,4.07,-10.67,1.42,0.49,-0.12
6.13,4.25,-10.61,1.59,0.41,-0.06
6.45,4.33,-10.57,1.75,0.35,-0.01
6.63,4.49,-10.85,1.92,0.31,0.04
6.92,4.84,-11.19,2.05,0.29,0.09
9.24,5.61,-11.28,3.44,0.02,0.64
9.04,6.10,-10.66,3.57,-0.02,0.76
8.64,6.55,-10.62,3.61,-0.17,0.98
8.41,6.80,-10.92,3.50,-0.51,1.24
8.59,6.73,-10.92,3.29,-0.88,1.48
8.87,6.21,-10.58,3.07,-1.21,1.66
6.86,2.40,-10.32,1.43,-2.24,1.53
6.65,2.47,-10.33,1.46,-1.95,1.33
6.35,2.86,-10.13,1.43,-1.66,1.13
5.98,3.25,-9.64,1.33,-1.39,0.96
5.53,3.27,-8.88,1.20,-1.16,0.82
3.74,1.47,-7.01,-0.58,0.77,-0.75
3.71,1.90,-7.19,-0.75,0.99,-0.89
3.70,2.19,-7.24,-0.92,1.17,-1.01
3.81,2.44,-7.35,-1.10,1.31,-1.13
3.81,2.83,-7.53,-1.29,1.45,-1.24
3.93,3.24,-7.77,-1.51,1.53,-1.33
8.04,7.70,-11.20,-2.45,1.88,-1.83
7.99,8.91,-11.41,-2.53,1.70,-1.74
8.55,9.97,-11.43,-2.64,1.49,-1.62
8.81,10.89,-11.60,-2.78,1.20,-1.48
9.07,11.27,-11.79,-2.90,0.86,-1.29
6.77,7.36,-10.80,-2.89,-1.89,0.69
6.97,7.49,-11.43,-2.87,-1.88,0.77
6.96,7.26,-11.94,-2.89,-1.83,0.83
6.90,6.49,-12.19,-2.92,-1.69,0.85
6.77,5.45,-12.28,-2.91,-1.49,0.78
4.94,2.21,-10.85,-1.05,0.13,0.11
4.96,2.54,-10.83,-0.78,0.19,0.06
5.10,2.87,-10.86,-0.58,0.20,0.03
5.23,2.95,-10.91,-0.43,0.17,0.01
5.39,2.77,-11.02,-0.28,0.18,-0.03
5.56,2.53,-11.21,-0.06,0.31,-0.09
6.83,5.89,-11.65,2.56,0.94,-0.35
6.98,6.46,-11.81,2.67,0.94,-0.32
7.35,7.25,-12.02,2.73,0.91,-0.30
8.04,8.05,-12.23,2.77,0.92,-0.26
8.46,8.49,-12.55,2.84,1.00,-0.21
6.56,10.64,-8.04,3.54,0.74,0.97
5.53,10.50,-8.09,3.37,0.04,1.20
6.54,10.52,-8.73,3.10,-0.57,1.46
7.09,10.29,-8.69,2.79,-0.90,1.63
7.25,9.79,-8.33,2.61,-1.20,1.73
7.18,9.20,-8.12,2.49,-1.45,1.81
5.16,5.43,-6.83,1.00,-1.11,1.12
4.97,5.16,-6.58,0.80,-1.00,1.00
4.82,4.87,-6.42,0.60,-0.88,0.86
4.71,4.64,-6.39,0.38,-0.75,0.73
4.64,4.39,-6.44,0.17,-0.60,0.59
5.02,5.42,-7.59,-2.05,0.58,-0.49
5.28,5.62,-7.74,-2.26,0.61,-0.55
5.55,6.10,-8.11,-2.43,0.69,-0.59
5.70,6.76,-8.58,-2.60,0.74,-0.62
5.98,7.41,-8.99,-2.78,0.76,-0.62
6.23,7.95,-9.36,-2.95,0.78,-0.59
6.27,8.58,-11.35,-4.18,-0.67,0.43
6.93,7.46,-10.46,-4.34,-1.24,0.66
5.94,8.50,-11.82,-4.75,-2.11,1.09
6.21,8.96,-14.41,-5.45,-2.37,1.86
3.47,9.81,-15.21,-5.76,-2.97,2.30
3.89,7.52,-10.50,-2.45,-0.68,1.17
3.95,6.83,-10.19,-2.64,-0.80,1.14
3.76,6.11,-9.87,-2.69,-0.94,1.10
3.57,5.61,-9.68,-2.68,-1.09,1.04
3.60,5.26,-9.60,-2.66,-1.22,0.96
8.82,2.24,-12.53,-0.75,-1.22,0.09
8.74,2.91,-12.90,-0.19,-1.07,0.10
8.27,3.78,-12.56,0.41,-0.96,0.22
7.95,4.37,-11.66,0.88,-1.01,0.45
7.96,4.27,-10.76,1.10,-1.32,0.69
9.35,3.33,-10.24,1.23,-1.78,0.98
10.63,5.11,-11.76,2.17,-2.74,2.73
10.28,4.61,-11.36,2.22,-2.62,2.75
9.86,3.89,-10.76,2.25,-2.47,2.71
9.61,3.44,-10.22,2.28,-2.23,2.61
9.21,3.04,-9.82,2.31,-1.96,2.50
3.25,3.12,-5.30,0.23,0.62,1.44
2.99,3.09,-5.07,-0.14,0.58,1.38
2.95,3.01,-5.03,-0.52,0.53,1.32
3.00,2.81,-5.06,-0.88,0.51,1.25
2.95,2.71,-5.30,-1.22,0.49,1.16
2.90,2.83,-5.72,-1.58,0.47,1.06
4.92,6.07,-10.65,-3.92,1.11,0.06
4.77,6.73,-10.73,-4.05,1.02,0.03
4.76,7.57,-11.06,-4.25,0.78,0.07
4.94,8.49,-11.54,-4.54,0.42,0.14
5.24,9.08,-11.97,-4.78,0.11,0.25
5.34,7.26,-12.91,-3.23,-0.49,0.42
5.10,6.96,-12.66,-3.15,-0.72,0.53
4.89,6.42,-12.33,-3.05,-0.93,0.64
4.59,5.91,-11.88,-2.91,-1.14,0.74
4.50,5.49,-11.53,-2.77,-1.34,0.82
4.39,5.32,-11.25,-2.63,-1.50,0.86
5.45,3.64,-11.97,-2.21,-1.87,0.86
5.38,3.26,-11.99,-2.04,-1.71,0.78
5.69,2.77,-12.00,-1.84,-1.56,0.69
6.11,2.47,-12.07,-1.60,-1.36,0.59
6.31,2.32,-12.09,-1.32,-1.11,0.49
7.78,2.25,-11.62,0.97,-1.16,0.42
8.06,2.45,-11.90,1.16,-1.17,0.46
8.54,2.82,-12.28,1.34,-1.16,0.52
9.08,3.47,-12.50,1.50,-1.08,0.57
9.64,4.37,-12.73,1.64,-0.95,0.59
9.41,3.79,-10.14,3.11,0.16,0.89
9.12,5.03,-10.00,3.18,0.25,0.94
8.85,6.39,-9.95,3.09,0.16,1.08
9.11,7.08,-9.87,2.92,0.01,1.29
9.14,6.91,-9.68,2.73,-0.10,1.49
8.69,6.31,-9.48,2.53,-0.23,1.67
6.07,1.43,-10.45,0.67,-1.68,2.27
5.87,1.36,-10.84,0.67,-1.35,2.14
5.61,1.04,-10.75,0.67,-1.02,1.99
5.20,0.65,-10.40,0.70,-0.74,1.82
4.76,0.42,-9.96,0.79,-0.51,1.66
4.43,0.48,-9.47,0.84,-0.32,1.49
2.30,2.18,-7.00,-0.74,0.00,0.58
2.57,2.01,-7.14,-0.93,0.15,0.43
2.69,2.11,-7.35,-1.12,0.33,0.24
2.78,2.67,-7.58,-1.34,0.51,0.05
2.93,3.42,-7.80,-1.63,0.66,-0.13
8.97,4.85,-12.67,-4.34,0.64,-0.92
10.10,5.28,-13.33,-4.02,1.19,-1.04
9.94,6.14,-13.70,-3.62,1.75,-1.15
8.77,7.88,-13.69,-3.38,2.09,-1.21
7.14,10.13,-13.74,-3.58,2.06,-1.16
7.63,3.32,-16.48,-3.26,-1.14,1.52
8.75,3.93,-17.14,-1.82,0.45,1.12
1.52,10.89,-22.42,-2.03,-0.09,1.21
6.33,6.79,-18.38,-2.44,0.38,1.01
3.56,4.34,-15.01,-2.34,0.51,0.85
2.84,3.73,-13.66,-1.88,0.51,0.65
5.09,2.49,-12.66,0.46,0.15,-0.00
5.19,3.31,-12.22,0.62,-0.02,0.10
4.90,4.39,-12.11,0.71,-0.22,0.27
4.47,5.43,-12.32,0.71,-0.58,0.47
4.74,6.05,-12.95,0.64,-1.04,0.67
12.57,6.31,-19.15,4.47,0.11,-0.17
13.67,7.74,-20.03,4.93,0.76,-0.29
14.90,8.51,-19.18,5.40,1.50,-0.35
15.00,9.11,-17.42,5.93,2.16,-0.31
13.27,10.40,-15.35,6.32,2.47,-0.14
7.14,4.10,-8.94,2.19,-2.17,3.45
7.79,2.85,-9.87,1.99,-1.88,3.34
7.94,2.22,-9.92,2.08,-1.66,3.02
7.85,2.07,-9.44,2.28,-1.10,2.72
7.85,2.49,-8.82,2.46,-0.57,2.37
6.93,3.55,-8.04,2.52,-0.13,2.10
2.42,1.81,-4.60,-0.17,0.03,0.51
2.16,1.74,-4.56,-0.44,-0.01,0.29
2.14,1.98,-4.82,-0.84,-0.13,0.08
2.80,2.07,-5.44,-1.29,-0.21,-0.08
3.63,1.87,-6.34,-1.68,-0.20,-0.24
6.30,3.55,-9.61,-3.75,-0.30,-1.63
7.41,3.86,-10.33,-4.02,-0.34,-1.60
7.75,4.27,-11.05,-4.22,-0.22,-1.62
8.39,4.52,-11.47,-4.35,-0.01,-1.62
9.11,4.72,-11.73,-4.41,0.17,-1.62
9.73,5.12,-12.30,-4.36,0.29,-1.63
9.90,7.03,-14.95,-4.43,0.40,-0.68
9.29,6.95,-14.58,-4.32,0.24,-0.45
8.80,6.84,-14.14,-4.17,0.01,-0.20
8.44,6.45,-13.97,-3.98,-0.22,0.05
8.11,5.68,-14.09,-3.76,-0.43,0.25
7.41,2.23,-11.99,-1.12,-0.56,0.81
8.19,2.02,-11.71,-0.85,-0.37,0.77
7.99,1.83,-12.99,-0.60,-0.10,0.69
8.63,2.56,-12.68,-0.21,0.13,0.65
8.63,3.00,-12.02,0.05,0.31,0.69
12.27,5.34,-8.30,2.86,0.58,1.28
11.86,6.51,-8.00,2.68,0.51,1.51
12.59,6.53,-7.16,2.57,0.32,1.79
12.75,6.67,-7.04,2.53,0.10,2.07
13.00,7.09,-7.59,2.44,-0.17,2.36
13.30,7.59,-8.01,2.28,-0.39,2.64
10.93,3.60,-6.98,1.68,-0.12,3.23
10.40,3.35,-7.10,1.53,-0.16,3.19
9.83,3.08,-7.13,1.40,-0.16,3.13
9.12,2.64,-7.00,1.31,-0.13,3.08
8.29,2.32,-6.76,1.24,-0.15,3.06
5.04,-0.82,-7.65,0.40,0.39,1.99
3.73,-0.67,-7.28,0.05,-0.06,2.12
3.46,-0.74,-6.90,-0.41,-0.83,2.26
3.62,-1.43,-6.59,-0.77,-1.33,2.38
3.40,-2.56,-6.44,-0.91,-1.54,2.44
3.28,-3.65,-6.53,-0.88,-1.64,2.36
2.51,-2.69,-4.82,-1.42,1.21,-0.51
2.41,-2.32,-4.75,-1.73,1.20,-0.68
2.56,-2.04,-4.99,-2.08,1.08,-0.81
2.86,-1.71,-5.49,-2.44,0.91,-0.91
3.28,-1.37,-6.13,-2.83,0.75,-0.99
7.44,3.78,-10.31,-5.09,0.83,-1.37
7.40,4.31,-10.63,-5.20,0.85,-1.32
7.58,5.06,-12.06,-5.24,0.95,-1.23
8.20,6.52,-14.35,-5.34,0.89,-1.18
8.82,8.04,-16.08,-5.45,0.89,-0.98
8.79,5.20,-16.16,-5.22,-0.55,1.18
8.74,4.43,-15.37,-4.78,-0.72,1.31
7.99,3.73,-14.94,-4.32,-0.88,1.36
7.47,3.11,-14.65,-3.89,-1.06,1.39
7.26,2.76,-14.41,-3.54,-1.17,1.36
6.10,-0.37,-12.26,-0.23,0.02,0.33
6.53,-0.40,-12.90,0.18,0.07,0.27
7.07,-0.01,-13.33,0.61,0.19,0.20
7.53,0.77,-13.40,1.05,0.28,0.14
7.56,1.51,-13.40,1.38,0.26,0.14
7.58,1.45,-13.27,1.64,0.15,0.17
11.64,4.81,-9.82,4.63,1.28,1.28
12.24,4.78,-11.02,4.51,0.95,1.63
13.71,4.02,-11.98,4.34,0.88,1.89
14.38,3.21,-12.47,4.31,1.09,1.95
14.86,4.06,-11.98,4.31,1.58,2.00
9.54,-1.10,-6.09,1.84,-1.23,3.87
8.64,-1.04,-6.42,1.85,-1.28,3.76
7.57,-0.88,-6.40,1.78,-1.33,3.67
6.54,-1.13,-6.00,1.66,-1.40,3.59
5.89,-1.55,-5.41,1.54,-1.46,3.46
5.24,-1.85,-4.98,1.40,-1.53,3.26
2.29,-1.84,-2.84,-0.77,-0.32,0.19
2.92,-1.34,-3.58,-1.18,-0.66,0.09
3.80,-1.42,-3.91,-1.57,-0.78,-0.01
4.37,-2.16,-4.24,-1.81,-0.76,-0.11
4.76,-2.89,-5.04,-1.92,-0.70,-0.27
7.09,0.42,-7.97,-4.09,-0.10,-1.57
7.73,0.87,-9.62,-4.09,0.01,-1.58
8.48,1.72,-11.58,-4.12,0.12,-1.64
9.42,2.45,-13.26,-4.18,0.36,-1.74
9.85,2.79,-13.72,-4.18,0.87,-1.80
11.74,9.40,-12.74,-5.59,0.08,-1.01
12.20,8.57,-13.47,-5.83,-0.33,-0.61
12.20,7.75,-14.30,-5.84,-0.58,-0.21
12.11,7.16,-15.29,-5.70,-0.72,0.14
11.80,6.39,-15.92,-5.45,-0.74,0.43
6.90,1.88,-13.23,-0.44,0.42,0.75
6.80,1.53,-12.36,-0.28,0.39,0.73
7.31,0.61,-12.15,0.03,0.43,0.66
7.59,0.37,-12.68,0.57,0.66,0.53
7.31,0.95,-13.22,1.07,0.84,0.41
7.16,1.39,-13.45,1.44,0.91,0.33
8.09,3.09,-11.97,4.23,0.60,-0.03
8.04,3.66,-11.88,4.37,0.55,0.05
8.22,4.26,-12.06,4.45,0.44,0.19
8.76,4.72,-12.28,4.44,0.28,0.37
9.18,4.81,-12.41,4.38,0.14,0.56
8.96,2.94,-10.17,2.86,-2.32,2.73
8.86,1.94,-10.07,2.64,-2.66,2.80
8.53,1.28,-9.96,2.49,-2.84,2.82
8.11,0.58,-9.64,2.36,-2.97,2.81
7.69,-0.32,-9.08,2.20,-3.11,2.74
7.56,-1.54,-8.98,2.16,-3.05,2.62
4.70,-4.24,-7.07,2.63,0.45,0.41
3.60,-4.80,-5.96,2.36,0.52,0.16
1.97,-4.37,-5.14,2.16,0.42,0.04
1.11,-4.22,-4.78,1.96,0.11,0.02
1.01,-4.85,-4.77,1.69,-0.19,-0.14
1.17,-6.12,-4.98,1.55,-0.28,-0.35
5.60,-4.81,-3.30,1.08,0.04,-1.26
5.17,-5.02,-2.74,0.91,-0.03,-1.06
4.70,-5.07,-2.42,0.79,-0.06,-0.85
4.82,-4.87,-2.78,0.61,-0.20,-0.42
5.67,-5.25,-3.44,0.29,-0.55,-0.03
2.56,-9.97,-8.35,-3.56,-6.31,4.14
2.10,-8.37,-11.23,-3.47,-6.16,4.10
1.25,-9.61,-14.43,-3.51,-5.92,3.83
1.70,-10.15,-15.00,-3.11,-5.47,3.55
0.11,-9.88,-14.98,-2.39,-5.19,3.25
-2.80,-6.10,-2.46,1.00,2.13,-0.80
-3.13,-5.90,-1.55,0.86,2.03,-1.01
-3.15,-5.74,-1.51,0.79,1.88,-1.14
-3.56,-4.96,-2.58,0.57,1.71,-1.17
-2.42,-5.32,-4.03,0.17,1.36,-1.16
2.60,-9.02,-12.82,-1.19,0.33,-0.18
1.93,-8.11,-14.21,-0.72,0.54,-0.14
1.24,-7.11,-14.57,-0.49,0.54,-0.03
0.63,-6.23,-13.73,-0.41,0.40,0.16
-0.02,-6.15,-12.17,-0.42,0.12,0.39
-1.63,-6.52,-8.55,-0.19,-0.01,0.15
-1.85,-6.27,-8.48,-0.15,-0.02,0.04
-1.63,-6.07,-8.59,-0.13,-0.01,-0.06
-1.47,-6.00,-9.02,-0.13,0.00,-0.12
-1.07,-6.04,-9.68,-0.10,0.01,-0.15
0.68,-6.89,-11.33,0.38,0.48,-0.21
1.01,-6.96,-10.89,0.41,0.58,-0.17
1.15,-7.03,-10.31,0.46,0.66,-0.12
1.32,-7.02,-9.76,0.51,0.70,-0.08
1.53,-7.00,-9.61,0.56,0.83,-0.00
1.64,-6.78,-8.53,0.89,2.06,0.11
1.89,-7.21,-9.62,0.91,2.01,0.14
2.27,-7.54,-10.44,0.79,1.86,0.14
2.65,-7.68,-10.49,0.66,1.76,0.16
2.73,-7.77,-9.65,0.50,1.67,0.20
3.36,-8.52,-8.62,0.44,1.67,0.22
0.68,-6.55,-3.15,-1.12,1.19,0.72
1.13,-6.65,-3.53,-1.53,0.64,1.00
1.79,-7.42,-4.56,-1.87,0.12,1.28
2.22,-8.06,-6.22,-2.03,-0.24,1.44
2.61,-8.28,-7.69,-2.01,-0.38,1.53
0.57,-7.42,-9.88,0.86,0.76,-1.10
0.76,-7.55,-8.06,1.00,0.63,-1.27
1.34,-7.29,-7.21,1.03,0.42,-1.35
2.23,-7.23,-7.12,1.05,0.29,-1.36
2.75,-7.36,-7.71,1.10,0.17,-1.33
2.70,-7.17,-8.42,1.10,-0.01,-1.29
5.01,-8.33,-6.50,1.05,-1.41,-0.84
5.01,-8.66,-5.74,1.09,-1.32,-0.91
4.94,-8.73,-5.27,1.15,-1.15,-1.01
5.05,-8.47,-4.93,1.23,-0.94,-1.13
4.73,-7.84,-4.25,1.24,-0.72,-1.11
5.73,-9.28,-6.50,0.99,-0.32,-1.47
5.54,-8.40,-5.53,1.12,-0.12,-1.59
5.78,-7.68,-4.54,1.21,0.01,-1.61
5.75,-6.67,-3.84,1.19,0.02,-1.47
5.92,-6.40,-3.50,1.01,-0.12,-1.27
6.56,-6.46,-3.95,0.91,0.32,-0.90
5.92,-5.29,-3.00,0.64,0.18,-0.56
7.16,-5.93,-2.38,0.37,-0.20,-0.22
8.10,-7.08,-3.15,0.26,-0.39,-0.03
8.39,-7.94,-4.25,0.30,-0.32,-0.04
8.07,-7.62,-4.72,0.31,-0.13,-0.09
6.74,-5.94,-1.98,0.26,0.62,-0.40
5.90,-5.88,-1.86,0.05,0.20,-0.09
6.59,-5.94,-2.56,-0.02,-0.04,0.10
6.86,-6.38,-3.20,-0.10,-0.15,0.17
7.09,-6.42,-3.68,-0.14,-0.22,0.14
7.03,-7.49,-3.64,-0.31,-0.30,0.14
6.91,-7.55,-3.57,-0.28,-0.20,0.09
6.72,-7.41,-3.34,-0.26,-0.15,0.07
6.69,-7.43,-3.15,-0.24,-0.15,0.09
6.68,-7.45,-3.19,-0.22,-0.18,0.10
7.09,-7.06,-3.87,0.14,0.02,-0.04
7.09,-7.13,-3.68,0.13,-0.03,-0.02
7.30,-7.04,-3.79,0.14,-0.05,-0.00
7.31,-6.90,-3.61,0.11,-0.09,0.01
7.32,-7.05,-3.36,0.06,-0.15,0.06
7.29,-7.21,-4.00,-0.85,0.04,0.69
8.31,-7.39,-4.03,-0.85,0.45,0.59
8.20,-7.04,-3.81,-0.87,0.82,0.53
7.80,-6.65,-3.34,-0.95,1.07,0.55
6.88,-6.30,-2.77,-1.13,1.22,0.60
6.13,-6.27,-2.68,-1.38,1.23,0.74
6.47,-8.56,-6.14,-0.86,1.90,1.25
5.76,-8.77,-6.13,-0.88,1.87,1.25
5.33,-9.07,-5.79,-0.71,1.88,1.21
4.82,-9.04,-6.09,-0.36,1.97,1.09
4.43,-8.46,-6.47,-0.11,1.95,1.00
4.16,-8.61,-6.17,-0.18,-0.17,0.38
3.86,-7.96,-6.78,-0.09,-0.07,0.07
3.44,-7.30,-6.34,-0.06,0.05,-0.19
2.89,-7.06,-5.96,0.07,0.15,-0.38
2.41,-6.68,-5.89,0.19,0.12,-0.54
2.58,-6.70,-5.82,0.28,0.05,-0.66
5.87,-8.42,-2.13,-0.56,-0.30,-0.03
5.53,-8.31,-1.84,-0.91,-0.69,0.37
5.38,-8.37,-1.85,-1.28,-1.07,0.78
5.15,-8.79,-2.18,-1.63,-1.40,1.17
5.46,-9.33,-2.76,-1.91,-1.73,1.48
3.56,-10.25,-6.86,-0.82,-0.74,0.99
3.36,-10.57,-6.79,-0.60,-0.46,0.76
2.73,-10.43,-6.76,-0.35,-0.14,0.55
1.52,-10.26,-6.88,-0.13,0.13,0.34
1.03,-10.16,-6.89,0.01,0.27,0.17
0.61,-8.49,-5.40,0.75,-0.08,-0.09
-0.03,-8.15,-5.27,0.63,-0.48,-0.05
-0.79,-8.22,-4.68,0.51,-0.91,0.01
-1.87,-8.55,-4.36,0.14,-1.40,-0.07
-1.95,-8.68,-4.81,0.00,-1.89,0.02
2.01,-6.53,-10.40,-0.19,-2.05,-1.26
2.59,-6.36,-10.11,-0.18,-1.95,-1.12
2.51,-6.36,-8.78,-0.18,-1.81,-1.10
1.78,-6.54,-7.52,-0.11,-1.68,-1.09
0.81,-6.78,-7.08,-0.02,-1.64,-1.09
2.59,-9.39,-10.08,0.72,-0.50,-1.57
2.13,-8.74,-8.97,0.85,-0.55,-1.54
1.49,-8.22,-8.21,0.81,-0.53,-1.50
0.57,-8.08,-7.57,0.61,-0.55,-1.51
-0.41,-7.81,-7.24,0.49,-0.66,-1.54
3.51,-4.62,-7.51,0.42,-0.29,-1.69
4.58,-5.29,-6.43,0.29,-0.29,-1.51
5.34,-6.08,-5.98,0.34,-0.30,-1.43
5.08,-5.79,-6.15,0.38,-0.35,-1.26
5.44,-5.46,-6.29,0.22,-0.61,-1.00
3.12,-7.85,-9.11,-0.03,-0.78,0.31
2.27,-7.58,-9.01,0.03,-0.89,0.33
2.26,-7.83,-9.15,0.02,-1.06,0.37
2.69,-8.51,-9.40,-0.01,-1.11,0.43
2.72,-9.18,-9.48,-0.01,-1.18,0.49
2.56,-9.46,-9.38,0.04,-1.32,0.56
-0.44,-4.55,-6.36,-0.10,-2.27,0.23
0.33,-4.50,-6.83,-0.46,-2.47,0.34
0.02,-4.95,-7.17,-0.90,-2.68,0.41
-0.53,-5.72,-7.42,-1.32,-2.97,0.55
-0.03,-6.54,-7.63,-1.58,-3.16,0.59
-0.08,-6.26,-13.59,-2.98,-2.58,0.55
0.16,-7.18,-14.97,-2.39,-2.09,0.48
-1.10,-7.06,-15.19,-1.85,-1.38,0.39
-2.55,-6.20,-14.13,-1.43,-0.79,0.25
-4.09,-4.63,-12.22,-1.14,-0.45,0.13
-3.01,-4.36,-10.66,-0.05,-0.22,0.41
-3.90,-3.90,-9.87,0.01,-0.33,0.48
-4.20,-3.19,-9.50,-0.11,-0.54,0.63
-4.53,-2.79,-9.48,-0.35,-0.68,0.74
-4.24,-3.48,-9.94,-0.52,-0.75,0.79
-4.61,-2.68,-10.27,-0.24,-0.07,0.89
-3.48,-3.99,-10.39,-0.15,0.08,0.77
-4.32,-4.15,-11.71,0.19,0.51,0.60
-4.64,-3.55,-12.77,0.37,0.82,0.50
-4.22,-3.45,-12.24,0.34,1.16,0.35
-4.52,-2.73,-10.79,-0.21,0.25,-0.32
-3.57,-2.49,-11.35,-0.30,0.12,-0.24
-3.26,-2.52,-12.02,-0.34,0.08,-0.20
-3.29,-2.23,-12.44,-0.34,-0.08,-0.09
-3.79,-3.51,-12.16,-0.41,-0.89,0.57
-4.07,-3.05,-12.24,-0.40,-0.99,0.61
-3.90,-2.72,-11.83,-0.43,-1.13,0.67
-3.79,-2.58,-11.52,-0.39,-1.23,0.73
-3.95,-2.55,-11.83,-0.42,-1.25,0.75
-4.55,-2.35,-11.35,-0.06,-0.56,0.21
-4.81,-2.03,-11.36,0.07,-0.45,0.16
-5.10,-1.77,-11.40,0.15,-0.38,0.13
-5.49,-1.40,-11.36,0.16,-0.36,0.19
-5.38,-1.42,-11.07,0.09,-0.34,0.26
-5.73,-1.68,-9.76,0.11,0.31,0.02
-5.58,-1.97,-10.14,0.14,0.38,-0.00
-5.37,-2.34,-10.52,0.17,0.46,-0.07
-5.49,-2.27,-10.72,0.25,0.53,-0.12
-5.62,-1.75,-10.87,0.29,0.56,-0.14
-5.18,-1.87,-11.05,-0.28,-0.19,0.35
-5.33,-1.89,-11.42,-0.24,-0.12,0.31
-5.12,-1.91,-11.43,-0.17,0.08,0.27
-4.90,-2.21,-11.37,-0.06,0.31,0.17
-5.05,-2.35,-11.40,0.08,0.46,0.04
-5.71,-1.60,-11.36,-0.16,0.08,0.11
-5.31,-1.64,-11.24,-0.13,0.18,0.08
-5.26,-1.68,-11.03,-0.07,0.25,0.05
-5.58,-1.38,-10.88,-0.05,0.25,0.05
-5.55,-1.13,-10.61,-0.13,0.16,0.08
-5.33,-0.92,-10.71,-0.03,0.04,-0.06
-5.35,-0.92,-10.64,-0.01,-0.01,-0.03
-5.19,-0.92,-10.63,-0.05,-0.05,0.01
-5.21,-1.22,-10.64,-0.08,-0.10,0.04
-5.10,-1.36,-10.70,-0.09,-0.15,0.05
-5.45,-0.92,-10.94,0.31,0.06,-0.08
-5.65,-0.90,-10.77,0.26,-0.01,-0.02
-5.95,-1.15,-10.86,0.22,-0.11,0.03
-5.91,-1.32,-11.09,0.22,-0.18,0.08
-5.77,-1.29,-11.40,0.23,-0.17,0.09
-5.15,-2.24,-11.25,0.00,-0.25,0.08
-5.28,-2.09,-11.09,0.05,-0.14,0.01
-5.50,-1.84,-10.68,0.06,-0.10,-0.01
-6.38,-1.23,-10.44,0.08,-0.11,0.09
-5.33,-1.38,-10.23,0.07,-0.18,0.21
-5.71,-1.78,-10.38,0.16,-0.04,-0.05
-5.64,-1.85,-10.32,0.19,0.09,-0.07
-5.46,-1.86,-10.13,0.22,0.17,-0.07
-5.48,-1.70,-9.92,0.19,0.11,-0.08
-5.31,-1.24,-9.59,0.07,-0.07,-0.02
-5.14,-2.12,-10.60,0.25,0.05,-0.02
-5.51,-1.52,-10.65,0.25,0.06,0.02
-5.56,-1.57,-10.65,0.23,0.06,0.10
-5.48,-2.00,-10.69,0.23,0.09,0.11
-5.59,-2.21,-10.69,0.25,0.15,0.08
-5.04,-2.58,-10.32,0.03,-0.04,0.09
-5.14,-2.51,-10.50,0.05,-0.00,0.09
-5.15,-2.55,-10.60,0.09,0.04,0.10
-5.12,-2.63,-10.51,0.12,0.09,0.09
-5.35,-2.59,-10.44,0.14,0.11,0.08
-5.44,-2.58,-10.34,0.00,-0.19,0.05
-5.34,-2.60,-10.42,0.01,-0.19,0.07
-5.09,-2.64,-10.43,-0.02,-0.20,0.08
-4.98,-2.57,-10.33,-0.09,-0.23,0.04
-5.45,-2.32,-10.19,-0.12,-0.24,0.03
-6.14,-2.29,-10.11,-0.22,-0.40,0.25
-6.13,-2.07,-10.08,-0.16,-0.39,0.27
-5.93,-1.79,-9.92,-0.15,-0.41,0.29
-6.08,-1.42,-9.76,-0.17,-0.45,0.35
-6.44,-1.35,-9.74,-0.22,-0.56,0.43
-6.65,-1.78,-9.48,0.07,-0.11,0.22
-6.25,-2.05,-9.74,0.05,-0.12,0.19
-5.85,-2.33,-10.17,0.10,0.09,0.10
-5.96,-2.15,-10.08,0.22,0.29,0.04
-6.10,-1.65,-9.83,0.33,0.32,0.04
-6.39,-1.87,-9.49,-0.06,-0.08,0.09
-6.28,-1.81,-9.54,-0.07,-0.06,0.09
-6.40,-1.72,-9.52,-0.07,-0.03,0.08
-6.53,-1.69,-9.60,-0.06,-0.03,0.08
-6.48,-1.80,-9.76,-0.08,-0.04,0.08
-6.35,-1.73,-9.80,-0.10,-0.10,0.05
-6.34,-1.75,-9.88,-0.08,-0.08,0.06
-6.27,-1.76,-9.91,-0.06,-0.04,0.06
-6.31,-1.65,-9.82,-0.07,-0.04,0.08
-6.33,-1.54,-9.67,-0.09,-0.05,0.13
-6.20,-1.81,-9.90,-0.01,-0.06,0.07
-6.13,-1.76,-10.00,0.01,-0.04,0.08
-6.13,-1.74,-10.00,0.04,-0.00,0.08
-6.22,-1.70,-9.89,0.05,0.03,0.09
-6.30,-1.76,-9.86,0.06,0.04,0.10
-6.36,-1.80,-9.70,0.08,0.07,0.08
-6.32,-1.82,-9.63,0.09,0.09,0.07
-6.19,-1.92,-9.67,0.11,0.12,0.07
-6.13,-1.91,-9.72,0.14,0.16,0.07
-6.13,-1.75,-9.82,0.17,0.19,0.07
-6.17,-1.61,-9.79,0.16,0.23,0.07
-6.22,-0.29,-9.07,-0.11,-0.31,0.17
-6.16,-0.69,-9.54,-0.31,-0.44,0.27
-6.81,-1.67,-10.68,-0.44,-0.58,0.30
-6.28,-2.62,-11.11,-0.40,-0.58,0.26
-6.28,-2.62,-10.97,-0.